{"train_loss": [0.31806626613067374, 0.2059894044501279, 0.18815753782513403, 0.17892981380838222, 0.1710684368011974, 0.16926457007930698, 0.15746768281194373, 0.156139423483289, 0.15390366628152066, 0.14900166446877358, 0.14682367596946502, 0.14287808261185933, 0.13655124852070719, 0.13211037268457718, 0.134922217852222, 0.13222216395882627, 0.1269705064577034, 0.12116535700320395, 0.12374229485349118, 0.11596809487299854, 0.11842546016332087, 0.11327950164628482, 0.11270801503972848, 0.1092360468076545, 0.10517995432019234, 0.09925437551995418, 0.09768895424973284, 0.09895497148121499, 0.09599365202692321, 0.09131652834971336, 0.08868514143207985, 0.09065098992641868, 0.08894424163478112, 0.08944742277592255, 0.08505048109484149, 0.08267308234882123, 0.08257773857808741, 0.0783512054561754, 0.07223978396298485, 0.07340195915726694], "val_loss": [0.19227770724727142, 0.15721923982869757, 0.15930978665509654, 0.1499597633981464, 0.14466127194986542, 0.13822722473441384, 0.14382689002644328, 0.12980222926839174, 0.1257757923690643, 0.12816107438159538, 0.12380802710981965, 0.1259925462059004, 0.12379213840404522, 0.12163926411129689, 0.12016486057482004, 0.11888957524226076, 0.11820319864692076, 0.11406529746611199, 0.11492138046330437, 0.11717059729026398, 0.11690202616865522, 0.1169591682450663, 0.10936986579362823, 0.11254075319995656, 0.122546883112951, 0.11842595577549213, 0.10775911430679408, 0.1060000154849474, 0.11053467096903989, 0.11580721015542583, 0.1251421402889109, 0.12365964250300217, 0.12061566376637624, 0.11394105840576745, 0.11618036913606627, 0.13553258575252516, 0.14664701694978868, 0.13258610663082046, 0.13323414874374365, 0.1453724239800863], "train_acc": [0.7712955625990492, 0.8275554675118859, 0.8444928684627575, 0.8507329635499208, 0.8561806656101426, 0.864203645007924, 0.8716323296354992, 0.8765847860538828, 0.875, 0.8790610142630745, 0.8829239302694136, 0.8839144215530904, 0.8869849445324881, 0.8934231378763867, 0.8942155309033281, 0.8978803486529319, 0.9019413629160064, 0.9001584786053883, 0.899960380348653, 0.9097662440570523, 0.9044175911251982, 0.9134310618066561, 0.9128367670364501, 0.9113510301109351, 0.9198692551505547, 0.9217511885895404, 0.9250198098256736, 0.9248217115689382, 0.9259112519809826, 0.929377971473851, 0.9304675118858955, 0.928189381933439, 0.9310618066561015, 0.9323494453248812, 0.9395800316957211, 0.9346275752773376, 0.9371038034865293, 0.9406695721077655, 0.9465134706814581, 0.9446315372424723], "val_acc": [0.8227706113292205, 0.8777341559169939, 0.8637128435221537, 0.8687605159842962, 0.8951205832865956, 0.8939988782950085, 0.8822209758833427, 0.8996074032529445, 0.907459338194055, 0.9029725182277061, 0.907459338194055, 0.9057767807066741, 0.9085810431856421, 0.9068984856982614, 0.9085810431856421, 0.9130678631519911, 0.9141895681435782, 0.9147504206393718, 0.9197980931015143, 0.9169938306225462, 0.9153112731351655, 0.9108244531688167, 0.9214806505888952, 0.9141895681435782, 0.9169938306225462, 0.9214806505888952, 0.9169938306225462, 0.9226023555804823, 0.9237240605720696, 0.9209197980931015, 0.9147504206393718, 0.9248457655636567, 0.9214806505888952, 0.9248457655636567, 0.925967470555244, 0.9158721256309591, 0.9158721256309591, 0.9203589455973079, 0.9130678631519911, 0.9097027481772294]}